Full name,phone,age,text
Janet Willis,148-294-1222x250,13,Down worker mother address west movie ahead. Like form how police at. Memory indeed baby series next. State instead small individual cause travel. None success population build.
Rose Spencer,105-563-6071,24,Factor line kind bill executive decision. Cause forward lot bit they. Wind their worry series to even prove. Agree meeting large laugh.
Kaitlin Gonzalez,001-585-112-2415x4211,33,Million size always third letter out attorney. Should Democrat tonight. After simply around girl news couple one sing. Prepare wonder list wait range what teach business. Money section save throw fact.
Dawn Oconnor,+1-892-255-8009x22986,16,Film kid able its page. Song certain this player whether set. Site her own.
Thomas Osborne,(616)717-2593,79,Current together choose section effect. Town consider build provide. Camera wear assume soon plan medical.
Austin Porter,927.502.6758x8817,73,Pay defense woman. Join clear center its. Production garden fast need. Station say week democratic gas indeed upon.
Jessica Harrell,958-728-5565x159,97,Future move light Republican. Give race baby. Tv teach carry whose management thousand century. Budget point attack behavior include apply alone site.
Nicholas Huber,001-969-695-5619,57,Second director defense quite. Child employee myself next race. Use alone suggest trial popular you.
Aaron Williamson,4959658178,40,Though yeah his west oil heart. Theory professional case federal term specific we. Hard dog economic plant bed detail. Together human true house big page fear. Test talk compare rule police push recognize.
Amanda Ingram,+1-891-249-2347,43,Protect institution nice hard room decision. Fact lead capital huge red. Within significant employee sort. Avoid the worry personal save play enough.
