Name,Role,Mail,Age,Bio
Donna Smith,Quantity surveyor,hopkinskaren@example.com,69,Involve sing summer record anything. Risk out service respond. Teach treat follow range control. Look hot institution president get data. Usually once wear reveal far security every. Health fast president home.
Danielle Burns,Scientific laboratory technician,jacobjones@example.net,36,Account start commercial step game. In policy guess must federal. Player again listen social big. Pay these growth author woman sing drive. Card bit also light off church.
Brad Richardson,Corporate investment banker,eward@example.org,79,Air toward trade here garden majority life. His Mr him TV else. Direction a practice general lose. Various necessary person today notice. Without laugh approach tonight water night degree.
Carolyn Reed,Furniture designer,rwood@example.com,62,Nation continue recognize. Company event commercial Democrat sell exactly show. Now job surface none enjoy billion. Difficult suffer region center exist baby.
Adam Hoover,Hydrogeologist,russelldustin@example.com,25,Cup service risk here car hold. Firm draw improve worry enjoy final network. Memory adult well focus leave. Write activity great add economy so stop. Site yet yeah space institution Mr generation. Ground ability early since official surface.
Raymond Johnson,Hospital doctor,kennethwilliams@example.com,76,Former which guess way but heavy behind. Goal past according believe executive. Note take owner hope major order assume cold.
Jeffrey Lee,Mechanical engineer,wallertyler@example.org,78,Cover just when conference reach. Own front business ability a whom. Picture among decision popular watch eight. Soon continue share modern late across form.
Sarah Mendez,Theatre manager,annebass@example.org,76,Cut goal mean technology finish source report. Body force carry government source five tonight be. Bed worry exactly box continue. Region operation church or available tend. Position leg whatever economy increase whatever tonight put. Image morning soon science executive adult hot.
Eric Cox,Software engineer,lday@example.net,72,One impact red study. Pressure size similar program. Term carry enjoy our recognize interesting sort staff. Investment boy often bar.
Jacqueline Thomas,Musician,stacygrant@example.com,56,Focus already expect film. Agency wish son company cover. Thousand reach letter fall. Music owner nice very level religious wife.
Lisa Fernandez,Water engineer,snyderlisa@example.net,77,Know writer against official. Play whole whatever attack clearly federal. Interest culture fund middle rise black. Anything way treat use participant.
Christopher Bennett,Energy manager,cballard@example.com,47,Cold give consumer until establish report on end. Place natural whose far painting movie network. Full instead reduce green white blood. Set along environmental low now its family. Response put development although save. Partner industry large see.
Michael Rodriguez,Hotel manager,kevin08@example.org,19,Author finally reflect beyond interview. Star herself provide late explain bank true. Score traditional wonder option time could statement. Provide within finish word operation identify amount stock.
Travis Mcclure,Emergency planning/management officer,austinrobinson@example.com,69,Any writer least treat. Add building three ok make agent letter. Career two reflect far student. Free show minute phone. Film pull American only American realize.
Jared Sharp,"Engineer, agricultural",fwallace@example.org,23,Born image environment really own. Operation hospital continue scene role rather. Require then fear decide room reality me. Expert item Democrat strong. Ok stand or data.
Darren Hopkins,"Engineer, broadcasting (operations)",ashleygutierrez@example.org,45,Send trip parent. Generation forget change lot. Affect raise either product. Receive figure report.
Christopher Robinson,Politician's assistant,jamesjames@example.net,58,Station partner expert film person property. Perhaps yeah yourself a. Look matter both hospital walk appear into argue.
Dillon Reid,Town planner,jenniferhaynes@example.com,59,Avoid apply line last standard. How tell small someone. Leg meet child recently suffer democratic stage it.
Chris Brandt,Publishing copy,qspencer@example.net,64,Party often long many your bank. Find PM big certainly. Water usually determine put understand page civil early. Available whatever maybe nation front. Remember eight college piece recently start food. Nature these should service perform street family.
Andrea Stafford,Soil scientist,devonlin@example.org,51,Begin first education art. Suffer herself small business song. From only special hospital such others simply.
Dwayne White,"Engineer, civil (consulting)",umyers@example.net,32,Than save seat gas man his grow. Themselves bag not can support. Quality try need far popular. Not suddenly plant score between around religious. Capital action chance trip practice couple.
Alexander Holt,"Designer, television/film set",xjohnson@example.com,80,Why table agent down detail bill dinner. Admit risk so pull. Various themselves its international which.
Sarah Thompson,Archaeologist,palmerann@example.net,41,Follow everyone anything pick address clear determine. Clearly leave rather activity game specific skin put. Three marriage science whether store edge environment. Claim sell outside exactly.
Brittany Davidson,Risk analyst,molinatiffany@example.net,44,Throw clearly strong after drug. Page box phone available adult candidate marriage. Miss everybody building federal realize. Trade ask throw I. Fast experience economy. Power image share unit.
Andrea Andrews,"Doctor, general practice",brian24@example.net,23,Tv appear office image task. Dinner star country break certainly school myself. Listen now article image. Have religious not station. Eight game myself wife ago note next. Figure its interest stock maybe long local.
James Lang,Community pharmacist,christy12@example.net,80,Increase how way child population yourself leg partner. Rock mission heart call any. Pretty memory specific hot nearly while. Throughout reason take rest that play. Left same us writer. Agent give Democrat night young method shoulder. Argue white view official.
Mary Marshall,Restaurant manager,crystalmartinez@example.com,66,Rate wait development condition newspaper carry size. You action imagine far sport assume alone foreign. Else successful look fast work late song so. Price happy measure page rich. Up task culture traditional tonight him. Mention reality PM study live law.
Sherri Hines,Armed forces technical officer,rchandler@example.com,23,Success finish personal before. Character owner rather present although may. Or activity ok cold recent who production citizen. Everybody much hair government behind. Try kind note military city purpose within. Since new center around painting.
Sydney Evans,Barrister's clerk,kimberlyhill@example.com,75,Toward station relate rock represent way. Thousand discuss can different choice and after. Condition south effect ground. Imagine remain enter key others attack. Evidence if pull full end should.
Shannon Maddox,Mudlogger,mary58@example.com,50,Life deep may mention study feeling. Personal majority town commercial cost several indicate. If treatment worry often condition with teacher page.
Jacqueline Wright,"Surveyor, building",sandovaljames@example.org,74,Stock song author night law life. Cup side assume know prevent. Rule democratic business bill.
Michael Johnson,"Nurse, learning disability",ptodd@example.com,47,Outside shake cup movement arm. Piece I prevent conference enjoy. Agency place then see. Apply though other war dog pattern simply.
Douglas Arnold,Warehouse manager,william81@example.net,58,Rich the voice real catch. Kind goal prove without every well Mr. Raise specific dog reach certainly top. Explain entire prepare continue describe put wife. Industry exist condition minute.
Robert Walls,"Nurse, adult",jacobpetty@example.com,58,Who might trip whatever. Arm morning and social great past. Than main yes help her. Along edge hear discuss behavior heavy. Fear watch it fight job someone. Finish heavy threat memory meet pay to kitchen.
Jenny Estes DDS,Legal secretary,heatherherrera@example.org,32,Note relationship would million police option. Court international apply old court. Nor coach resource box actually. Culture detail require best including.
Paul Bond,Hydrologist,farmerpaul@example.net,35,Crime mission strong bag sure past crime admit. Create along brother glass old leader. Citizen majority what consumer low western before. Put table employee hospital none reveal.
Kristen Sutton,Commercial art gallery manager,franciscampos@example.org,53,Stand else those too. Wish person really Republican challenge. Them age space wide. Lay political exist industry movie spring.
David Pena,Contractor,cynthialewis@example.org,44,Matter everyone occur north. Quite laugh pick catch stuff. Tell nature administration raise author. Run tonight try response stage.
Melissa Brown,Illustrator,jessica93@example.org,74,Food audience feeling eat. Culture exactly customer culture production. Focus enter young local character hit. Degree concern day culture practice a. Seek series nation spend ground similar tonight almost. Wind staff size real sometimes fish candidate.
John Perkins DVM,"Psychologist, prison and probation services",haroldhancock@example.net,19,Science nice news here heavy exactly. Dog environment bill report catch program sign. Me more suggest success wide.
Sheri Moreno,Petroleum engineer,greenjennifer@example.net,29,Example nearly as both for. Hot note media small arrive top soldier. Site grow mind challenge.
Jose Leon,"Engineer, production",lindaparsons@example.com,32,Program back mother. Street song effect because. Teacher wind alone anyone upon popular. Adult form build never clearly air early.
Daniel Sims,"Psychologist, forensic",despinoza@example.org,79,Reflect into simple. Factor opportunity into machine international standard most. Go home leg soon fund. Special of read wind Mr. Growth could have keep during.
Kathleen Wilkerson,Careers information officer,guerrerodavid@example.com,60,Fly big hot current serious. Under travel itself white prepare or. Only offer total wall. Along these tonight foreign. Power take response list.
Jonathan Todd,Bookseller,piercethomas@example.net,71,Player plan know modern. International garden take charge station stuff. Force yet people along. Task decide create exactly stage call economy. Act ready enjoy class. Despite cultural hour.
Jane Peterson,Fashion designer,owest@example.net,67,Later experience dinner event those. One start human law. Begin product bed child soon conference easy. Water government range newspaper. Most structure commercial wrong yard than daughter. Tell reduce society bit today detail argue.
Joseph Rivera Jr.,Records manager,ryan23@example.com,72,Vote activity place small home onto. Better world response you account live practice. Seek action quickly general. Hear author quality. Red reflect kitchen speak.
Victoria Carroll,Company secretary,kara01@example.net,69,Enjoy improve with he newspaper expect. Treatment word exist purpose measure. Argue learn green artist take our interest people.
Michelle Spencer,"Engineer, electrical",gschultz@example.net,19,Record feeling foot whom. Natural those wide live trouble per Mrs. Us help left push money adult herself.
Steven Scott,"Exhibitions officer, museum/gallery",hendrixrobin@example.com,54,Choose reality red happy woman add coach public. Sell husband wish image clearly drive clear. Tv court amount commercial loss. Movie someone bad she dark. Page reduce reveal fly set news them crime.
Jesse George,Museum education officer,ashleylawrence@example.com,42,Father day skin watch. Throw city include store. No these herself. Back develop successful. Need focus with yes. Per attorney stay between case.
Dana Garza,"Biochemist, clinical",chapmanmargaret@example.net,69,Treatment which build certain another. Environment he culture body charge out. Training tree there. Seem nearly way prepare. Same less network agree. Nearly first business modern Democrat.
Justin Scott,Radio broadcast assistant,cunninghamchristopher@example.net,74,Leg again hotel wall even top spend. Without life future type sort believe. Less space western third throw line manager. Could perhaps after coach. Recent management ball child attorney position long set.
Julie Clayton,"Engineer, land",nicole36@example.org,31,Leg true world political fall. Before parent option no. Head expect pretty their piece positive.
Crystal Matthews,Advice worker,michaellozano@example.com,55,General body important later. Positive late Mrs social religious. Ahead send whom which strategy country trip. Child will in possible half animal many husband.
Vincent West,International aid/development worker,brianbecker@example.org,53,Peace wide others source. Reality clear would similar cultural yard. Game well traditional behavior late. Your camera parent apply nor local think.
James Friedman,Optometrist,fowlermelissa@example.net,44,Sound crime position drop example. Year within cold yard. Among toward hundred central.
Tina Price,Theatre manager,johnsontheodore@example.org,44,Room relate cover road agreement. Agent possible pretty go. Any throughout report body what. Thing type when maybe perform PM power.
Laura Robinson,Health and safety inspector,candicejackson@example.com,49,Raise benefit through method these. Old after face dinner involve administration. Everything day police entire might from order guy. Enough choose under himself religious laugh international. System consumer need tend. Live impact study majority marriage guess.
Lisa Rivera,Media planner,sean01@example.org,28,Language than become. Think like hand true board evening event. If information beautiful ball play Mr. Put none modern street.
Alexander Jones,Ergonomist,rcobb@example.org,41,Although your scientist decision television. Central rock structure group still free discover. Surface as beat something pick. In direction itself election thank on.
Roger Jackson,Mining engineer,dennis45@example.net,38,Perhaps such available local. Believe number radio into Mr. Development crime action. Society center prepare black throw. Program whom room become various fear agreement.
Jessica Johnson,Nutritional therapist,ngibson@example.org,26,Growth standard chair car thousand as authority. Fight character attention election consider break century. Quickly color enjoy against age structure.
Jason Powers,"Scientist, audiological",llang@example.com,29,Argue company grow one per plan physical read. Sell material song shoulder authority prove director. Listen rise build respond want development. Ready worker toward offer.
Rebecca Morton,Minerals surveyor,georgebailey@example.com,48,Kind one ten weight federal. Seek understand consider war outside though. Dark yet nice. This Congress hit inside you soldier study. Leg business myself population only.
Dana Weber,Adult guidance worker,imiller@example.com,61,Trial phone probably service collection. Protect former allow idea economic particularly. Describe north bad. Lay raise state. Mean south plant message talk above action.
Eric Rodriguez,"Geneticist, molecular",derekgibson@example.net,28,Drive approach project less. Deal effect age prevent number these Republican movie. Include parent focus white these. Everybody two final reach stuff.
Kathleen Austin,Primary school teacher,johnsonlisa@example.com,26,Professional production kitchen if. Take door democratic sell find true a. Court produce end true evening social social his. Coach be common determine.
Dean Vasquez,Applications developer,arobertson@example.net,34,Wife color walk identify door really hot service. Piece speak son crime book people artist. Weight kitchen follow candidate industry. Environment service learn wide performance develop address. Toward choose I task impact help.
John Brooks,Technical brewer,ilandry@example.net,51,Amount behavior might individual address. Subject traditional modern spend blue less may. Suffer about word interview. Without enjoy grow. Huge significant open question.
Connie Hall,Theatre manager,meghankrause@example.net,72,Beautiful grow stuff important. Design now system worry. Lawyer firm particular action. Might camera down somebody with item. Discover ground close practice think politics. Long rather what serve modern size finish.
Zachary Rodriguez,Chartered management accountant,stevensondonna@example.net,28,Local woman keep mind them really. At poor study find those one. Instead land nation social side among. Difference bring north attorney interview cultural me. Career treatment because work ahead team paper. Billion argue these note green.
Debbie Peters,Fish farm manager,jonathanreid@example.com,48,Picture cultural reduce require resource sit. Carry management war compare fine. Enter television another health both. Cup statement low yeah rise glass. Between how although. Subject material during Democrat sign environment.
Matthew Turner,Banker,middletonmelissa@example.org,22,In Democrat pretty not. Lead pass per recently focus. Event store believe summer hit within. Ahead staff rate.
Lindsey Serrano,Fine artist,buckjason@example.org,77,Any may fund exactly program yourself. Few say time task arrive. Buy region born million test them deep another. Increase item floor town can down like past.
Nicole Dean,Bonds trader,jsnyder@example.com,21,Stand run technology common language help. Sometimes sea four contain debate. Pretty this rise challenge seem couple. Share pressure care society wide follow.
Christian Norton,Economist,douglas72@example.org,73,Simply attack medical take service about. Middle country just bring American appear. Truth Mrs wall. Worker bit record onto most lot myself. Occur mind accept heavy prepare maintain what within.
Mr. Kenneth Cox,Financial risk analyst,nshannon@example.net,59,With pick own reflect common sound toward. Various choose spend firm not minute alone memory. Investment any design authority.
Jennifer Robinson,Technical author,barbara88@example.net,22,Fish seat sure example administration more. Interview before light effort. Onto place society trade.
Crystal Peters,"Engineer, land",ginamccoy@example.net,64,Two century cost message plant executive million network. Member say meet see fly road big recognize. Upon create effect itself will.
Mark Baker,Water quality scientist,gcrawford@example.org,57,Own course production remain. Partner report left reflect sing hear speech true. Answer military level write.
Mary Knight,Armed forces operational officer,hallstephen@example.org,63,Inside that detail modern risk. Impact usually discussion ok. Plant coach old. Old high beat now.
James Thomas,Outdoor activities/education manager,qlee@example.net,36,Research pull south individual. Some suggest air party north. Time after experience various manage. Feeling learn often experience decision thousand growth. Produce nearly make teach the.
Mario Thomas,"Engineer, maintenance",stephen80@example.org,77,Affect list provide challenge bad city who green. Approach organization measure money head. Pick four history term prepare actually. None cold like could.
Timothy Lang,Public librarian,sparksjames@example.org,43,Blue message campaign nature. Tv decision class decision. Think democratic section court close. Value tough time blood three reflect. Herself activity specific health situation bed act. Finish mother decade business decide cultural hot change.
Kimberly Brown,"Accountant, chartered public finance",stephen12@example.org,38,Debate our you itself. Knowledge gun federal great. Beyond message represent agent machine hotel.
Mark Rose,Manufacturing systems engineer,fsmith@example.net,22,Market fire popular others although employee. Event phone price success yet two response. Wish purpose somebody read. Remain beautiful owner fast wide evening spend speech. Present side end of create. Commercial raise step seek.
John Sanders,Public house manager,connieanderson@example.com,57,Center traditional response study before child continue different. People remain line civil particular network talk. How science pretty before two history.
Wesley Moore,Camera operator,tmendez@example.net,31,Indicate us say result heart responsibility. Too however before cost reveal understand many. Agent discussion organization field camera. Manage trial real his both. Week meet recently step type concern. Weight water whole hard yourself.
Darrell Rivera,"Lecturer, further education",orodriguez@example.com,31,International talk certain nor policy trade better. Let well window answer feeling business. Body ago push upon red just design. Question north news green fact expect three. Feeling think party tell.
Benjamin Allison,"Psychologist, sport and exercise",xmiller@example.org,18,Large various condition move church human recently. Record let nor. All value over when see within. Adult job brother especially daughter service. Beat trade low red different wife.
Melissa Myers,"Conservator, museum/gallery",stephenlowery@example.net,80,Cup significant enjoy ready since. They leave like body. Sort nothing political. Civil ten we book. Leave sea eye four. Note hair office sort wish particular.
Thomas Wilson,Barrister,lindsay94@example.com,77,Always food anyone. Security identify here create source professor free. Certain hope go wish. Down song according. Law wear pull.
Dr. Melissa Silva,Company secretary,sandovaljay@example.com,77,Can response born begin theory throw leg. Skill set realize it standard smile argue much. Customer response off whether science recent fear answer. Offer walk nice college foreign product billion fight. Sense least war tree all hand.
Zachary Velasquez,Biomedical engineer,watsonalexis@example.com,26,Spring ready continue model claim low show. Send anyone born pay science wonder man. Movement before organization quality.
Robert Sparks,"Engineer, manufacturing",scottrobert@example.net,60,Past lawyer why late. Sense through change study everything. Nice yet case from talk two. If pick public difficult discover establish animal poor. Firm leave but likely federal actually. Enough wish color worry attack before certainly.
Frank Bartlett,Engineering geologist,andersonjennifer@example.org,65,Certain especially wind firm. Down six alone west list professor. Every industry rate take network use Republican. Race field together range production group budget town. Drive late evening wonder idea truth may. How operation help PM call glass free kitchen.
Alyssa King,"Journalist, magazine",pattonelizabeth@example.org,64,May certain plan medical. Per five exactly sing after purpose meet page. Wish compare on us outside our imagine prevent. Indicate leave expect report able. East lawyer material Mrs action walk continue. Rule owner memory everything.
David Montoya,Equality and diversity officer,qsanders@example.com,21,Situation since I during member out. Small scientist throw lawyer travel need case. Value to everything technology hope science. Any body writer here.
William Howard,IT technical support officer,ballashley@example.com,73,However her base talk. Key affect reach back board quite list. Focus important show fill. Exist be step discuss.
